Film_ID,Film_Name,Year,Decade,Role_Type,Film_Type,Career_Phase,Director,Lead_Actress,Co_Actor_Male_Lead,Music_Director,Production_House,Genre_Category,Verdict,Budget_Crores,Estimated_Collection_Crores,Inflation_Adjusted_Collection_2025,Box_Office_OpeningDay_Cr,Language,IMDB_Rating,Duration_Minutes,Release_Month,Number_of_Songs,Awards_Nominations,Character_Name,Notable_Song,Film_Status,Special_Notes
1,Dil Bhi Tera Hum Bhi Tere,1966,1960s,Lead,Solo,Rise,Arjun Hingorani,Neetu Singh,Vinod Khanna,Salil Chowdhury,Rajshri Productions,Comedy,Hit,0.43,134,8040.0,1.49,Hindi,5.7,174,March,8,0,Dharam,Yeh Dosti,Debut,Debut film
2,Shola Aur Shabnam,1963,1960s,Lead,Solo,Rise,Hrishikesh Mukherjee,Jaya Bhaduri,Sanjeev Kumar,Salil Chowdhury,Unknown,Drama,Super Hit,0.92,78,4680.0,0.87,Hindi,6.9,129,November,5,0,Prem,Jatt Yamla Pagla,Regular,
3,Phool Aur Patthar,1967,1960s,Lead,Solo,Rise,Ramesh Sippy,Neetu Singh,Sanjeev Kumar,Kalyanji-Anandji,Yash Raj Films,Action,Super Hit,1.64,92,5520.0,1.02,Hindi,6.2,137,May,4,0,Vijay,Mehbooba Mehbooba,Regular,Golden Jubilee hit
4,Mamta,1964,1960s,Lead,Solo,Rise,Anil Sharma,Hema Malini,Vinod Khanna,Laxmikant-Pyarelal,B.R. Films,Thriller,Hit,0.47,45,2700.0,0.5,Hindi,7.4,157,September,5,0,Dharam,Pal Pal Dil Ke Paas,Regular,
5,Devar,1966,1960s,Lead,Solo,Rise,Prakash Mehra,Hema Malini,Raj Babbar,Salil Chowdhury,Sippy Films,Romance,Hit,0.61,152,9120.0,1.69,Hindi,6.3,138,August,5,0,Singh,Pal Pal Dil Ke Paas,Regular,
6,Anupama,1969,1960s,Lead,Solo,Rise,Ramesh Sippy,Asha Parekh,Jeetendra,Madan Mohan,Dharma Productions,Romance,Average,1.5,169,10140.0,1.88,Hindi,6.6,155,February,5,1,Ram,Holi Ke Din,Regular,
7,Aaye Din Bahar Ke,1962,1960s,Lead,Solo,Rise,B.R. Chopra,Jaya Bhaduri,Bobby Deol,R.D. Burman,Unknown,Thriller,Hit,1.5,139,8340.0,1.54,Hindi,5.6,132,March,6,0,Dharam,Holi Ke Din,Regular,
8,Chandan Ka Palna,1966,1960s,Lead,Solo,Rise,Unknown,Jaya Bhaduri,Jeetendra,R.D. Burman,Deol Films,Comedy,Average,1.35,46,2760.0,0.51,Hindi,5.8,165,February,8,0,Inspector,Koi Haseena Jab,Regular,
9,Baharon Ki Manzil,1967,1960s,Lead,Solo,Rise,Vijay Anand,Sharmila Tagore,Vinod Khanna,Kalyanji-Anandji,Yash Raj Films,Family,Hit,1.45,62,3720.0,0.69,Hindi,6.5,122,August,7,0,None,Koi Haseena Jab,Regular,
10,Naya Zamana,1964,1960s,Lead,Solo,Rise,Vijay Anand,Jaya Bhaduri,Rajesh Khanna,Salil Chowdhury,Unknown,Comedy,Flop,1.18,75,4500.0,0.83,Hindi,6.7,129,June,7,0,Rakesh,Chupke Chupke Title,Regular,
11,Aya Sawan Jhoom Ke,1963,1960s,Lead,Solo,Rise,Ramesh Sippy,Sharmila Tagore,Bobby Deol,Unknown,Deol Films,Family,Flop,0.65,51,3060.0,0.57,Hindi,6.9,157,June,6,0,None,Chupke Chupke Title,Regular,
12,Ankhen,1967,1960s,Lead,Solo,Rise,Anil Sharma,Asha Parekh,Sunny Deol,Khayyam,B.R. Films,Family,Super Hit,0.82,45,2700.0,0.5,Hindi,6.2,120,December,5,0,Vijay,Jatt Yamla Pagla,Regular,
13,Pyar Hi Pyar,1967,1960s,Lead,Solo,Rise,B.R. Chopra,Asha Parekh,Jeetendra,Laxmikant-Pyarelal,Rajshri Productions,Romance,Super Hit,0.53,52,3120.0,0.58,Hindi,7.1,174,September,6,0,Ajay,Chupke Chupke Title,Regular,
14,Jal Bin Machhli Nritya Bin Bijli,1962,1960s,Lead,Solo,Rise,Arjun Hingorani,Zeenat Aman,Vinod Khanna,Madan Mohan,Unknown,Comedy,Average,1.84,85,5100.0,0.94,Hindi,7.5,146,August,6,0,Shankar,Mehbooba Mehbooba,Regular,
15,Sharafat,1965,1960s,Lead,Solo,Rise,Anil Sharma,Hema Malini,Jeetendra,Unknown,Deol Films,Drama,Super Hit,1.25,28,1680.0,0.31,Hindi,7.3,165,April,4,1,Vijay,Mehbooba Mehbooba,Regular,
16,Loafer,1964,1960s,Lead,Solo,Rise,Manmohan Desai,Neetu Singh,Bobby Deol,S.D. Burman,B.R. Films,Family,Hit,0.92,73,4380.0,0.81,Hindi,5.7,127,December,8,0,Shankar,Pal Pal Dil Ke Paas,Regular,
17,Chhupa Rustam,1961,1960s,Lead,Solo,Rise,Vijay Anand,Neetu Singh,Shatrughan Sinha,Unknown,B.R. Films,Action-Drama,Hit,1.03,70,4200.0,0.78,Hindi,6.7,170,April,7,0,Baldev,Dream Girl,Regular,
18,Dulhan Ek Raat Ki,1967,1960s,Lead,Solo,Rise,Manmohan Desai,Unknown,None,Kalyanji-Anandji,Rajshri Productions,Action-Drama,Flop,1.91,123,7380.0,1.37,Hindi,5.8,165,September,5,0,Vijay,Mehbooba Mehbooba,Regular,
19,Shikar,1965,1960s,Lead,Solo,Rise,Hrishikesh Mukherjee,Unknown,Jeetendra,Laxmikant-Pyarelal,Prakash Mehra Productions,Drama,Average,0.48,61,3660.0,0.68,Hindi,6.1,161,January,7,1,Raj,Main Jat Yamla Pagla Deewana,Regular,
20,Kanyadaan,1961,1960s,Lead,Solo,Rise,Raj Sippy,Rekha,Sunny Deol,Ravi,Unknown,Action-Drama,Flop,1.26,70,4200.0,0.78,Hindi,7.8,136,February,7,1,Singh,Koi Haseena Jab,Regular,
21,Aadmi Aur Insaan,1964,1960s,Lead,Solo,Rise,Prakash Mehra,Rakhee,Sunny Deol,Ravi,Unknown,Action,Flop,1.11,123,7380.0,1.37,Hindi,5.9,128,February,8,0,Singh,Holi Ke Din,Regular,
22,Yakeen,1960,1960s,Lead,Solo,Rise,B.R. Chopra,Zeenat Aman,Amitabh Bachchan,Salil Chowdhury,Prakash Mehra Productions,Family,Flop,1.3,140,8400.0,1.56,Hindi,6.7,125,June,7,0,Shankar,Chupke Chupke Title,Regular,
23,Intaquam,1969,1960s,Lead,Solo,Rise,Anil Sharma,Rekha,Jeetendra,Salil Chowdhury,Sippy Films,Drama,Hit,0.23,91,5460.0,1.01,Hindi,7.0,162,April,7,0,Ajay,Pal Pal Dil Ke Paas,Regular,
24,Shalimar,1965,1960s,Lead,Solo,Rise,Vijay Anand,Rekha,None,Kalyanji-Anandji,Sippy Films,Comedy,Hit,1.77,49,2940.0,0.54,Hindi,7.1,144,November,6,0,Raj,Yeh Dosti,Regular,
25,Ek Phool Do Mali,1968,1960s,Lead,Solo,Rise,Manmohan Desai,Mumtaz,Raj Babbar,Salil Chowdhury,Prakash Mehra Productions,Family,Hit,1.88,78,4680.0,0.87,Hindi,6.8,158,October,8,0,Veeru,Holi Ke Din,Regular,
26,Baharon Phool Barsao,1960,1960s,Lead,Solo,Rise,Unknown,Mumtaz,Sanjeev Kumar,Khayyam,Yash Raj Films,Drama,Average,1.22,128,7680.0,1.42,Hindi,5.6,168,March,4,0,Raja,Main Jat Yamla Pagla Deewana,Regular,
27,Satyakam,1969,1960s,Lead,Solo,Rise,Hrishikesh Mukherjee,Rekha,None,Laxmikant-Pyarelal,Dharma Productions,Romance,Hit,1.45,138,8280.0,1.53,Hindi,6.3,147,March,5,2,Raja,Chupke Chupke Title,Regular,
28,Raja Saab,1962,1960s,Lead,Solo,Rise,Prakash Mehra,Jaya Bhaduri,Sanjeev Kumar,Kalyanji-Anandji,B.R. Films,Comedy,Average,1.86,110,6600.0,1.22,Hindi,6.7,152,March,7,0,Ajay,Main Jat Yamla Pagla Deewana,Regular,
29,Kab Kyun Aur Kahan,1966,1960s,Lead,Solo,Rise,Prakash Mehra,Rakhee,Sanjeev Kumar,R.D. Burman,Dharma Productions,Romance,Hit,1.47,151,9060.0,1.68,Hindi,5.8,173,June,5,0,Rakesh,Koi Haseena Jab,Regular,
30,Pyar Ka Sapna,1963,1960s,Lead,Solo,Rise,Anil Sharma,Zeenat Aman,Shatrughan Sinha,S.D. Burman,B.R. Films,Family,Super Hit,0.47,154,9240.0,1.71,Hindi,6.4,156,August,4,0,Veeru,Koi Haseena Jab,Regular,
31,Jeevan Mrityu,1968,1960s,Lead,Solo,Rise,B.R. Chopra,Rekha,Amitabh Bachchan,Kalyanji-Anandji,Prakash Mehra Productions,Comedy,Hit,1.24,128,7680.0,1.42,Hindi,5.7,128,November,5,1,Baldev,Jatt Yamla Pagla,Regular,
32,Ishq Par Zor Nahin,1962,1960s,Lead,Solo,Rise,Arjun Hingorani,Neetu Singh,None,Kalyanji-Anandji,Sippy Films,Action-Drama,Average,1.29,67,4020.0,0.74,Hindi,5.8,137,July,4,1,Ajay,Pal Pal Dil Ke Paas,Regular,
33,Do Chor,1964,1960s,Lead,Solo,Rise,Unknown,Rakhee,None,Ravi,Yash Raj Films,Drama,Average,0.96,63,3780.0,0.7,Hindi,6.5,140,April,6,0,Raj,Holi Ke Din,Regular,
34,Bandhan,1962,1960s,Lead,Solo,Rise,Anil Sharma,Mumtaz,Shatrughan Sinha,Madan Mohan,Sippy Films,Family,Hit,1.53,50,3000.0,0.56,Hindi,5.9,121,November,7,1,Raja,None,Regular,
35,Mera Gaon Mera Desh,1976,1970s,Lead,Multi-starrer,Peak,Manmohan Desai,Neetu Singh,Jeetendra,Madan Mohan,Dharma Productions,Action,Average,4.72,177,4425.0,2.95,Hindi,7.2,162,December,4,1,Inspector,None,Regular,
36,Seeta Aur Geeta,1974,1970s,Lead,Solo,Peak,Raj Sippy,Mumtaz,Jeetendra,Khayyam,Sippy Films,Comedy,Super Hit,2.69,200,5000.0,3.33,Hindi,7.5,157,April,5,2,Raja,Holi Ke Din,Regular,Golden Jubilee hit
37,Chupke Chupke,1978,1970s,Lead,Multi-starrer,Peak,Ramesh Sippy,Mumtaz,Jeetendra,R.D. Burman,Prakash Mehra Productions,Comedy,Super Hit,4.94,100,2500.0,1.67,Hindi,7.5,159,November,7,2,Raja,Yeh Dosti,Iconic,Cult classic
38,Sholay,1976,1970s,Lead,Multi-starrer,Peak,Arjun Hingorani,Rakhee,Rajesh Khanna,Ravi,Yash Raj Films,Thriller,All-Time Blockbuster,1.32,1500,37500.0,25.0,Hindi,8.1,155,October,6,2,Raj,Pal Pal Dil Ke Paas,Iconic,Highest grossing Hindi film of its era
39,Pratigya,1971,1970s,Lead,Solo,Peak,B.R. Chopra,Mumtaz,Sanjeev Kumar,R.D. Burman,Dharma Productions,Family,Average,4.45,84,2100.0,1.4,Hindi,6.8,169,November,7,0,Kanwal,Main Jat Yamla Pagla Deewana,Regular,
40,Dharam Veer,1973,1970s,Lead,Solo,Peak,Hrishikesh Mukherjee,Asha Parekh,Rajesh Khanna,Khayyam,Yash Raj Films,Family,Blockbuster,3.28,300,7500.0,5.0,Hindi,7.2,162,November,4,0,Ajay,Yeh Dosti,Iconic,Cult classic
41,Charas,1978,1970s,Lead,Solo,Peak,Arjun Hingorani,Hema Malini,Amitabh Bachchan,Madan Mohan,Unknown,Romance,Super Hit,1.03,81,2025.0,1.35,Hindi,7.1,156,November,6,0,Dharam,Dream Girl,Regular,
42,Dream Girl,1971,1970s,Lead,Solo,Peak,Vijay Anand,Asha Parekh,Shatrughan Sinha,Kalyanji-Anandji,B.R. Films,Thriller,Average,4.17,44,1100.0,0.73,Hindi,7.4,134,February,5,0,None,Holi Ke Din,Regular,
43,Chacha Bhatija,1979,1970s,Lead,Solo,Peak,B.R. Chopra,Hema Malini,None,Salil Chowdhury,Sippy Films,Action-Drama,Average,2.2,168,4200.0,2.8,Hindi,6.0,147,January,6,0,Baldev,Main Jat Yamla Pagla Deewana,Regular,
44,Raja Jani,1978,1970s,Lead,Multi-starrer,Peak,Raj Sippy,Unknown,Sanjeev Kumar,Salil Chowdhury,Yash Raj Films,Romance,Hit,3.06,139,3475.0,2.32,Hindi,6.0,137,September,6,0,Raja,None,Regular,
45,Jugnu,1979,1970s,Lead,Solo,Peak,Vijay Anand,Unknown,Rajesh Khanna,Unknown,Rajshri Productions,Thriller,Hit,2.25,116,2900.0,1.93,Hindi,5.8,153,December,8,0,None,Mehbooba Mehbooba,Regular,
46,Resham Ki Dori,1974,1970s,Lead,Solo,Peak,Arjun Hingorani,Mumtaz,Rajesh Khanna,S.D. Burman,Unknown,Romance,Super Hit,3.9,56,1400.0,0.93,Hindi,7.0,141,December,6,1,Singh,Jatt Yamla Pagla,Regular,
47,Ghulami (1970s),1971,1970s,Lead,Solo,Peak,Ramesh Sippy,Zeenat Aman,Vinod Khanna,Khayyam,Sippy Films,Action-Drama,Super Hit,1.74,110,2750.0,1.83,Hindi,7.2,130,February,6,0,Inspector,None,Regular,
48,Samadhi,1973,1970s,Lead,Solo,Peak,Ramesh Sippy,Zeenat Aman,Rajesh Khanna,S.D. Burman,B.R. Films,Thriller,Hit,1.39,87,2175.0,1.45,Hindi,5.7,132,August,7,1,Shankar,Pal Pal Dil Ke Paas,Regular,
49,Yaadon Ki Baaraat,1976,1970s,Lead,Solo,Peak,Raj Sippy,Hema Malini,Raj Babbar,S.D. Burman,Yash Raj Films,Thriller,Flop,2.89,174,4350.0,2.9,Hindi,7.7,123,September,5,0,Ajay,Koi Haseena Jab,Regular,
50,Kahani Kismat Ki,1977,1970s,Lead,Solo,Peak,Prakash Mehra,Neetu Singh,None,Madan Mohan,Dharma Productions,Action,Super Hit,4.64,110,2750.0,1.83,Hindi,5.7,141,April,7,0,Ram,Mehbooba Mehbooba,Regular,
51,Jwala,1972,1970s,Lead,Solo,Peak,Unknown,Rakhee,Raj Babbar,Madan Mohan,B.R. Films,Romance,Hit,3.24,94,2350.0,1.57,Hindi,6.8,126,August,7,0,Raj,Jatt Yamla Pagla,Regular,
52,Naya Zamana (1970s),1970,1970s,Lead,Solo,Peak,Hrishikesh Mukherjee,Mumtaz,None,Kalyanji-Anandji,Rajshri Productions,Romance,Hit,0.85,125,3125.0,2.08,Hindi,7.2,162,September,4,0,Kanwal,Jatt Yamla Pagla,Regular,
53,Sanyasi,1973,1970s,Lead,Multi-starrer,Peak,Prakash Mehra,Rakhee,Shatrughan Sinha,Ravi,Yash Raj Films,Comedy,Super Hit,1.55,77,1925.0,1.28,Hindi,7.5,173,October,7,0,Singh,Dream Girl,Regular,
54,Chori Mera Kaam,1971,1970s,Lead,Solo,Peak,Ramesh Sippy,Asha Parekh,None,Madan Mohan,Deol Films,Action-Drama,Hit,1.42,132,3300.0,2.2,Hindi,7.2,143,October,8,0,Ajay,Dream Girl,Regular,
55,Kuchhe Dhaage,1977,1970s,Lead,Multi-starrer,Peak,Ramesh Sippy,Zeenat Aman,Raj Babbar,Salil Chowdhury,Deol Films,Drama,Average,1.16,30,750.0,0.5,Hindi,7.4,123,May,8,1,Baldev,Chupke Chupke Title,Regular,
56,Dost,1973,1970s,Lead,Solo,Peak,Manmohan Desai,Jaya Bhaduri,None,S.D. Burman,Prakash Mehra Productions,Action,Hit,2.91,140,3500.0,2.33,Hindi,6.3,147,July,4,0,Inspector,None,Regular,
57,Kala Sona,1971,1970s,Lead,Multi-starrer,Peak,Vijay Anand,Asha Parekh,Shatrughan Sinha,Unknown,Sippy Films,Thriller,Super Hit,1.08,123,3075.0,2.05,Hindi,7.4,134,October,5,0,Kanwal,None,Regular,
58,Manzil,1975,1970s,Lead,Multi-starrer,Peak,Arjun Hingorani,Asha Parekh,Shatrughan Sinha,Laxmikant-Pyarelal,Dharma Productions,Thriller,Average,1.68,76,1900.0,1.27,Hindi,5.8,120,April,5,0,Baldev,None,Regular,
59,Shankar Shambhu,1975,1970s,Lead,Solo,Peak,Hrishikesh Mukherjee,Hema Malini,Amitabh Bachchan,Khayyam,Prakash Mehra Productions,Thriller,Hit,1.66,138,3450.0,2.3,Hindi,7.6,174,January,7,0,Singh,Chupke Chupke Title,Regular,
60,Phaansi,1979,1970s,Lead,Solo,Peak,Raj Sippy,Sharmila Tagore,None,Unknown,Yash Raj Films,Action,Super Hit,0.95,171,4275.0,2.85,Hindi,6.8,122,March,7,0,Ajay,Yeh Dosti,Regular,
61,Alibaba Aur 40 Chor,1973,1970s,Lead,Solo,Peak,Arjun Hingorani,Asha Parekh,Vinod Khanna,Salil Chowdhury,Deol Films,Thriller,Average,3.17,87,2175.0,1.45,Hindi,7.4,133,May,7,0,Dharam,Jatt Yamla Pagla,Regular,
62,Mazaaq,1975,1970s,Lead,Solo,Peak,Manmohan Desai,Mumtaz,Jeetendra,Madan Mohan,Deol Films,Thriller,Super Hit,4.06,82,2050.0,1.37,Hindi,6.6,157,March,5,0,Singh,Mehbooba Mehbooba,Regular,
63,Kismat,1971,1970s,Lead,Solo,Peak,Ramesh Sippy,Rekha,Sunny Deol,Ravi,Deol Films,Action-Drama,Hit,3.0,141,3525.0,2.35,Hindi,7.0,169,December,6,0,Ram,Pal Pal Dil Ke Paas,Regular,
64,Phandebaaz,1979,1970s,Lead,Solo,Peak,Raj Sippy,Rekha,Shatrughan Sinha,Kalyanji-Anandji,Yash Raj Films,Family,Hit,2.48,151,3775.0,2.52,Hindi,6.8,120,November,8,0,Baldev,Jatt Yamla Pagla,Regular,
65,Jadu Tona,1971,1970s,Lead,Solo,Peak,Ramesh Sippy,Mumtaz,Bobby Deol,Laxmikant-Pyarelal,Deol Films,Family,Average,1.45,153,3825.0,2.55,Hindi,7.2,157,July,6,0,Kanwal,Dream Girl,Regular,
66,Dil Tujhko Diya,1979,1970s,Lead,Multi-starrer,Peak,Hrishikesh Mukherjee,Sharmila Tagore,Jeetendra,R.D. Burman,B.R. Films,Comedy,Hit,4.42,25,625.0,0.42,Hindi,5.8,157,December,6,0,Kanwal,Main Jat Yamla Pagla Deewana,Regular,
67,Apne Rang Hazaar,1973,1970s,Lead,Solo,Peak,Vijay Anand,Sharmila Tagore,Sanjeev Kumar,Unknown,Unknown,Comedy,Super Hit,2.37,120,3000.0,2.0,Hindi,5.7,140,September,5,1,None,Koi Haseena Jab,Regular,Film with sons Sunny & Bobby
68,Charas (Second),1977,1970s,Lead,Solo,Peak,Arjun Hingorani,Hema Malini,None,Ravi,Yash Raj Films,Thriller,Super Hit,3.5,72,1800.0,1.2,Hindi,6.1,167,December,6,0,Baldev,Chupke Chupke Title,Regular,
69,Dhan Daulat,1976,1970s,Lead,Solo,Peak,Arjun Hingorani,Zeenat Aman,Raj Babbar,R.D. Burman,Dharma Productions,Action-Drama,Hit,0.91,141,3525.0,2.35,Hindi,6.0,148,June,4,1,Prem,Holi Ke Din,Regular,
70,Kala Aadmi,1978,1970s,Lead,Solo,Peak,Prakash Mehra,Rakhee,Sunny Deol,Laxmikant-Pyarelal,Unknown,Thriller,Average,3.81,93,2325.0,1.55,Hindi,7.5,124,October,7,0,Ajay,Main Jat Yamla Pagla Deewana,Regular,
71,Ek Mahal Ho Sapno Ka,1977,1970s,Lead,Solo,Peak,Raj Sippy,Sharmila Tagore,Bobby Deol,Khayyam,Prakash Mehra Productions,Comedy,Average,0.91,100,2500.0,1.67,Hindi,6.1,168,January,4,1,Prem,Pal Pal Dil Ke Paas,Regular,
72,Pocket Maar,1974,1970s,Lead,Solo,Peak,Unknown,Jaya Bhaduri,Jeetendra,Khayyam,Dharma Productions,Action,Super Hit,1.77,110,2750.0,1.83,Hindi,7.7,129,July,8,0,Rakesh,None,Regular,
73,Aas Paas,1971,1970s,Lead,Solo,Peak,Manmohan Desai,Hema Malini,None,S.D. Burman,Unknown,Action,Hit,0.88,93,2325.0,1.55,Hindi,6.3,147,March,7,0,Ajay,Dream Girl,Regular,
74,Dost Aur Dushman,1974,1970s,Lead,Solo,Peak,Unknown,Unknown,Amitabh Bachchan,Laxmikant-Pyarelal,Rajshri Productions,Drama,Hit,4.16,118,2950.0,1.97,Hindi,6.0,140,May,6,1,Baldev,Dream Girl,Regular,
75,Dillagi,1977,1970s,Lead,Solo,Peak,Prakash Mehra,Neetu Singh,Sanjeev Kumar,Laxmikant-Pyarelal,Deol Films,Family,Flop,3.54,168,4200.0,2.8,Hindi,7.3,169,October,8,0,Veeru,Dream Girl,Regular,
76,Charas Ki Kasam,1979,1970s,Lead,Solo,Peak,Hrishikesh Mukherjee,Unknown,Sunny Deol,R.D. Burman,Rajshri Productions,Action-Drama,Hit,1.22,109,2725.0,1.82,Hindi,7.0,126,April,7,0,Inspector,None,Regular,
77,Apne Dushman,1978,1970s,Lead,Multi-starrer,Peak,Manmohan Desai,Hema Malini,Vinod Khanna,Ravi,Sippy Films,Romance,Super Hit,3.83,57,1425.0,0.95,Hindi,6.7,122,October,6,0,Baldev,Holi Ke Din,Regular,Film with sons Sunny & Bobby
78,Do Thug,1978,1970s,Lead,Solo,Peak,Vijay Anand,Asha Parekh,Amitabh Bachchan,R.D. Burman,Sippy Films,Family,Super Hit,4.29,125,3125.0,2.08,Hindi,6.8,164,May,4,1,Prem,Chupke Chupke Title,Regular,
79,Do Sholay,1970,1970s,Lead,Solo,Peak,Unknown,Rakhee,Bobby Deol,Kalyanji-Anandji,Unknown,Romance,Hit,3.61,34,850.0,0.57,Hindi,7.2,166,May,7,0,Dharam,Main Jat Yamla Pagla Deewana,Regular,
80,Jaan Hatheli Pe (1970s),1978,1970s,Lead,Multi-starrer,Peak,Vijay Anand,Neetu Singh,Sunny Deol,Khayyam,Rajshri Productions,Drama,Flop,2.03,124,3100.0,2.07,Hindi,6.1,139,June,6,0,Inspector,None,Regular,
81,Patthar Aur Payal,1976,1970s,Lead,Solo,Peak,Unknown,Unknown,Amitabh Bachchan,Khayyam,Yash Raj Films,Drama,Hit,0.85,162,4050.0,2.7,Hindi,7.8,138,October,4,1,Baldev,Pal Pal Dil Ke Paas,Regular,
82,Nafrat,1978,1970s,Lead,Solo,Peak,Vijay Anand,Neetu Singh,Sanjeev Kumar,S.D. Burman,Dharma Productions,Thriller,Average,1.67,120,3000.0,2.0,Hindi,7.7,154,December,8,1,Baldev,Chupke Chupke Title,Regular,
83,Shankar Dada,1977,1970s,Lead,Solo,Peak,Unknown,Jaya Bhaduri,Vinod Khanna,Kalyanji-Anandji,Rajshri Productions,Comedy,Flop,1.56,93,2325.0,1.55,Hindi,7.0,123,October,8,0,Dharam,Pal Pal Dil Ke Paas,Regular,
84,Do Sher,1970,1970s,Lead,Multi-starrer,Peak,Vijay Anand,Jaya Bhaduri,Amitabh Bachchan,Khayyam,Sippy Films,Drama,Average,2.57,40,1000.0,0.67,Hindi,6.0,124,November,8,0,Baldev,Chupke Chupke Title,Regular,
85,Rajput,1977,1970s,Lead,Solo,Peak,Prakash Mehra,Jaya Bhaduri,Rajesh Khanna,R.D. Burman,Rajshri Productions,Drama,Hit,4.23,26,650.0,0.43,Hindi,7.1,120,June,8,0,Inspector,Holi Ke Din,Regular,
86,Bikari,1977,1970s,Lead,Solo,Peak,B.R. Chopra,Hema Malini,Vinod Khanna,Kalyanji-Anandji,Yash Raj Films,Romance,Hit,1.89,152,3800.0,2.53,Hindi,5.8,123,August,5,0,Raja,Koi Haseena Jab,Regular,
87,Kaala Bazaar (1970s),1972,1970s,Lead,Solo,Peak,Manmohan Desai,Rakhee,Bobby Deol,R.D. Burman,Rajshri Productions,Comedy,Average,3.28,108,2700.0,1.8,Hindi,5.7,131,August,7,0,Veeru,Pal Pal Dil Ke Paas,Regular,
88,Bhola Bhala,1970,1970s,Lead,Solo,Peak,Raj Sippy,Hema Malini,Sanjeev Kumar,Khayyam,Dharma Productions,Drama,Super Hit,3.42,148,3700.0,2.47,Hindi,6.2,146,November,7,0,Shankar,None,Regular,
89,Paapi,1977,1970s,Lead,Solo,Peak,Hrishikesh Mukherjee,Rekha,None,Khayyam,Prakash Mehra Productions,Family,Hit,3.12,125,3125.0,2.08,Hindi,6.6,161,September,5,1,Veeru,Chupke Chupke Title,Regular,
90,Do Dil,1972,1970s,Lead,Multi-starrer,Peak,Anil Sharma,Asha Parekh,Raj Babbar,Ravi,Yash Raj Films,Drama,Average,2.04,89,2225.0,1.48,Hindi,7.5,142,August,6,0,Raj,Dream Girl,Regular,
91,Phool Aur Kante (early),1972,1970s,Lead,Solo,Peak,Ramesh Sippy,Asha Parekh,Raj Babbar,Unknown,Sippy Films,Comedy,Flop,4.01,98,2450.0,1.63,Hindi,7.2,144,November,6,0,Ram,Jatt Yamla Pagla,Regular,
92,Kaala Sona (variant),1970,1970s,Lead,Solo,Peak,Raj Sippy,Jaya Bhaduri,Raj Babbar,Unknown,Dharma Productions,Thriller,Hit,4.45,53,1325.0,0.88,Hindi,7.2,140,February,8,0,None,Dream Girl,Regular,
93,Inspector,1974,1970s,Lead,Multi-starrer,Peak,Ramesh Sippy,Rekha,Sunny Deol,S.D. Burman,Rajshri Productions,Action-Drama,Hit,4.56,119,2975.0,1.98,Hindi,6.5,171,December,4,0,Baldev,Yeh Dosti,Regular,
94,Shaukeen,1979,1970s,Lead,Solo,Peak,Manmohan Desai,Sharmila Tagore,Bobby Deol,R.D. Burman,Rajshri Productions,Comedy,Hit,2.59,59,1475.0,0.98,Hindi,6.4,143,October,6,0,Raja,Koi Haseena Jab,Regular,
95,Aakhri Dao,1976,1970s,Lead,Solo,Peak,Raj Sippy,Sharmila Tagore,Sanjeev Kumar,R.D. Burman,Prakash Mehra Productions,Romance,Hit,1.93,114,2850.0,1.9,Hindi,6.4,144,December,4,1,Ajay,Koi Haseena Jab,Regular,
96,Gambler,1979,1970s,Lead,Solo,Peak,Vijay Anand,Jaya Bhaduri,Vinod Khanna,Salil Chowdhury,Sippy Films,Action-Drama,Hit,3.46,178,4450.0,2.97,Hindi,7.8,164,November,7,0,Baldev,Dream Girl,Regular,
97,Jeet,1978,1970s,Lead,Multi-starrer,Peak,Vijay Anand,Unknown,Sunny Deol,Kalyanji-Anandji,Sippy Films,Family,Average,1.39,139,3475.0,2.32,Hindi,5.7,174,January,4,1,Prem,Main Jat Yamla Pagla Deewana,Regular,
98,Hukumat,1986,1980s,Lead,Solo,Late Peak,Anil Sharma,Hema Malini,Bobby Deol,Madan Mohan,B.R. Films,Action,Blockbuster,4.93,350,8750.0,5.83,Hindi,7.5,165,October,7,0,Singh,Holi Ke Din,Regular,
99,Elaan-E-Jung,1988,1980s,Lead,Solo,Late Peak,Ramesh Sippy,Jaya Bhaduri,None,Unknown,Sippy Films,Comedy,Average,1.52,89,2225.0,1.48,Hindi,6.9,151,February,5,0,Raja,Pal Pal Dil Ke Paas,Regular,
100,Insaniyat Ke Dushman,1987,1980s,Character Artist,Multi-starrer,Late Peak,Hrishikesh Mukherjee,Zeenat Aman,Rajesh Khanna,Khayyam,Prakash Mehra Productions,Thriller,Average,0.88,35,875.0,0.58,Hindi,6.6,174,February,5,0,Dharam,None,Regular,
101,Loha,1981,1980s,Lead,Solo,Peak,Manmohan Desai,Neetu Singh,Sanjeev Kumar,S.D. Burman,Deol Films,Romance,Flop,1.29,162,4050.0,2.7,Hindi,7.2,151,December,8,0,Raja,Koi Haseena Jab,Regular,
102,Aag Hi Aag,1980,1980s,Lead,Solo,Peak,Vijay Anand,Asha Parekh,Raj Babbar,Madan Mohan,B.R. Films,Family,Super Hit,1.95,176,4400.0,2.93,Hindi,6.7,124,March,6,0,Raj,Dream Girl,Regular,
103,Arjun,1986,1980s,Character Artist,Multi-starrer,Late Peak,B.R. Chopra,Sharmila Tagore,Amitabh Bachchan,Laxmikant-Pyarelal,B.R. Films,Action-Drama,Flop,3.54,50,1250.0,0.83,Hindi,7.5,155,October,8,0,Dharam,Dream Girl,Regular,
104,Jeene Nahi Doonga,1986,1980s,Lead,Solo,Late Peak,Prakash Mehra,Mumtaz,Sanjeev Kumar,S.D. Burman,Rajshri Productions,Family,Flop,1.67,38,950.0,0.63,Hindi,7.6,165,July,7,0,Rakesh,Holi Ke Din,Regular,
105,Aag Ka Gola,1987,1980s,Character Artist,Multi-starrer,Late Peak,Prakash Mehra,Sharmila Tagore,Shatrughan Sinha,Laxmikant-Pyarelal,Rajshri Productions,Comedy,Average,1.37,26,650.0,0.43,Hindi,6.5,161,February,8,0,Shankar,Holi Ke Din,Regular,
106,Tahalka,1984,1980s,Lead,Solo,Peak,Unknown,Asha Parekh,Bobby Deol,Laxmikant-Pyarelal,Sippy Films,Drama,Super Hit,4.47,37,925.0,0.62,Hindi,6.2,168,January,4,0,Vijay,Mehbooba Mehbooba,Regular,
107,Aaj Ka Arjun,1982,1980s,Lead,Solo,Peak,Hrishikesh Mukherjee,Neetu Singh,Jeetendra,Laxmikant-Pyarelal,B.R. Films,Thriller,Average,3.32,123,3075.0,2.05,Hindi,6.9,161,June,7,0,Inspector,Mehbooba Mehbooba,Regular,
108,Kaun Kare Kurbanie,1987,1980s,Lead,Multi-starrer,Late Peak,Prakash Mehra,Asha Parekh,None,Ravi,Unknown,Comedy,Flop,1.54,76,1900.0,1.27,Hindi,7.6,158,September,5,0,Raja,Main Jat Yamla Pagla Deewana,Regular,
109,Aadmi Khilona Hai,1985,1980s,Lead,Solo,Late Peak,Unknown,Mumtaz,Rajesh Khanna,Ravi,Rajshri Productions,Action,Average,2.56,27,675.0,0.45,Hindi,6.1,135,March,6,0,Inspector,Main Jat Yamla Pagla Deewana,Regular,
110,Samraat,1982,1980s,Lead,Solo,Peak,Ramesh Sippy,Jaya Bhaduri,None,Ravi,Prakash Mehra Productions,Comedy,Flop,2.98,124,3100.0,2.07,Hindi,7.0,152,June,7,0,Kanwal,Yeh Dosti,Regular,
111,Batwara,1980,1980s,Lead,Multi-starrer,Peak,Vijay Anand,Rekha,Sanjeev Kumar,Madan Mohan,Unknown,Action-Drama,Hit,1.5,171,4275.0,2.85,Hindi,7.0,168,March,7,0,Prem,Main Jat Yamla Pagla Deewana,Regular,
112,Khatron Ke Khiladi,1982,1980s,Lead,Solo,Peak,Vijay Anand,Mumtaz,Jeetendra,S.D. Burman,Rajshri Productions,Action-Drama,Hit,1.15,52,1300.0,0.87,Hindi,7.2,140,January,4,0,Baldev,Chupke Chupke Title,Regular,
113,Paap Ka Ant,1984,1980s,Lead,Solo,Peak,B.R. Chopra,Asha Parekh,Shatrughan Sinha,S.D. Burman,Yash Raj Films,Comedy,Flop,1.83,152,3800.0,2.53,Hindi,5.9,128,December,6,0,Prem,Holi Ke Din,Regular,
114,Watan Ke Rakhwale,1982,1980s,Lead,Solo,Peak,Raj Sippy,Asha Parekh,Vinod Khanna,Khayyam,Yash Raj Films,Action-Drama,Super Hit,2.01,135,3375.0,2.25,Hindi,7.2,125,May,5,0,Inspector,None,Regular,
115,Mardon Wali Baat,1980,1980s,Lead,Solo,Peak,Prakash Mehra,Zeenat Aman,Amitabh Bachchan,Ravi,Rajshri Productions,Drama,Hit,3.82,93,2325.0,1.55,Hindi,7.6,170,October,7,0,Veeru,Chupke Chupke Title,Regular,
116,Karishma Kudrat Kaa,1984,1980s,Lead,Solo,Peak,Ramesh Sippy,Zeenat Aman,Jeetendra,Khayyam,B.R. Films,Family,Hit,3.18,49,1225.0,0.82,Hindi,6.0,164,November,7,0,Vijay,Pal Pal Dil Ke Paas,Regular,
117,Hum Dono,1989,1980s,Lead,Multi-starrer,Late Peak,Arjun Hingorani,Rakhee,Bobby Deol,Kalyanji-Anandji,Deol Films,Comedy,Hit,3.59,67,1675.0,1.12,Hindi,6.1,154,April,4,0,Veeru,Dream Girl,Regular,
118,Agnee,1986,1980s,Character Artist,Solo,Late Peak,Prakash Mehra,Zeenat Aman,Raj Babbar,Khayyam,Deol Films,Thriller,Flop,3.88,67,1675.0,1.12,Hindi,7.7,158,July,8,0,Rakesh,Main Jat Yamla Pagla Deewana,Regular,
119,Samundar,1986,1980s,Lead,Solo,Late Peak,Hrishikesh Mukherjee,Hema Malini,Shatrughan Sinha,Madan Mohan,B.R. Films,Drama,Hit,0.93,109,2725.0,1.82,Hindi,6.0,141,June,5,0,Vijay,Dream Girl,Regular,
120,Insaaf Kaun Karega,1988,1980s,Lead,Solo,Late Peak,Raj Sippy,Rekha,Amitabh Bachchan,Unknown,Dharma Productions,Family,Average,3.3,107,2675.0,1.78,Hindi,7.5,160,October,6,0,Vijay,Koi Haseena Jab,Regular,
121,Insaniyat,1989,1980s,Lead,Solo,Late Peak,Prakash Mehra,Neetu Singh,Rajesh Khanna,Laxmikant-Pyarelal,Deol Films,Thriller,Hit,2.88,90,2250.0,1.5,Hindi,6.7,173,July,7,0,Veeru,Yeh Dosti,Regular,
122,Jeete Hain Shaan Se,1989,1980s,Lead,Multi-starrer,Late Peak,Ramesh Sippy,Mumtaz,Raj Babbar,Ravi,Yash Raj Films,Thriller,Flop,2.2,31,775.0,0.52,Hindi,6.1,124,May,7,0,Dharam,Koi Haseena Jab,Regular,
123,Sultanat,1982,1980s,Lead,Solo,Peak,Prakash Mehra,Asha Parekh,Sanjeev Kumar,Unknown,Prakash Mehra Productions,Thriller,Hit,1.25,31,775.0,0.52,Hindi,7.5,161,April,5,0,Raj,Yeh Dosti,Regular,
124,Aag Ka Toofan,1986,1980s,Lead,Solo,Late Peak,Hrishikesh Mukherjee,Rakhee,Jeetendra,Khayyam,B.R. Films,Family,Hit,3.86,23,575.0,0.38,Hindi,6.6,142,July,8,0,Inspector,Mehbooba Mehbooba,Regular,
125,Kali Basti,1980,1980s,Lead,Solo,Peak,Arjun Hingorani,Rakhee,Amitabh Bachchan,Laxmikant-Pyarelal,Sippy Films,Drama,Average,3.69,146,3650.0,2.43,Hindi,6.7,136,July,7,0,Veeru,Dream Girl,Regular,
126,Aurat Teri Yehi Kahani,1983,1980s,Lead,Multi-starrer,Peak,Manmohan Desai,Neetu Singh,Sunny Deol,S.D. Burman,Yash Raj Films,Thriller,Hit,1.83,53,1325.0,0.88,Hindi,6.4,131,June,5,0,Prem,Yeh Dosti,Regular,
127,Hum Se Na Takrana,1983,1980s,Lead,Solo,Peak,Anil Sharma,Rekha,Vinod Khanna,R.D. Burman,Prakash Mehra Productions,Thriller,Hit,4.16,107,2675.0,1.78,Hindi,6.9,142,August,4,0,Dharam,Jatt Yamla Pagla,Regular,
128,Insaniyat Ke Devta,1984,1980s,Lead,Solo,Peak,Arjun Hingorani,Mumtaz,Vinod Khanna,Laxmikant-Pyarelal,Prakash Mehra Productions,Romance,Super Hit,1.94,133,3325.0,2.22,Hindi,6.0,135,April,8,0,Prem,Chupke Chupke Title,Regular,
129,Aag Se Khelenge,1986,1980s,Lead,Solo,Late Peak,Unknown,Sharmila Tagore,Shatrughan Sinha,Madan Mohan,B.R. Films,Comedy,Flop,2.32,85,2125.0,1.42,Hindi,6.5,122,October,6,0,Raj,Yeh Dosti,Regular,
130,Khoon Ka Karz,1986,1980s,Character Artist,Solo,Late Peak,Prakash Mehra,Zeenat Aman,Rajesh Khanna,Madan Mohan,Prakash Mehra Productions,Family,Flop,4.65,84,2100.0,1.4,Hindi,7.7,149,May,7,0,Rakesh,Yeh Dosti,Regular,
131,Sone Pe Suhaaga,1983,1980s,Lead,Solo,Peak,Vijay Anand,Jaya Bhaduri,Shatrughan Sinha,Khayyam,B.R. Films,Family,Average,4.79,43,1075.0,0.72,Hindi,6.2,141,April,5,0,Baldev,Chupke Chupke Title,Regular,
132,Aag Ka Dariya,1986,1980s,Character Artist,Solo,Late Peak,B.R. Chopra,Rakhee,Sunny Deol,Kalyanji-Anandji,Deol Films,Action-Drama,Average,1.58,105,2625.0,1.75,Hindi,7.0,128,December,4,0,Raj,Dream Girl,Regular,
133,Kasam Paida Karne Wale Ki,1982,1980s,Lead,Multi-starrer,Peak,Vijay Anand,Zeenat Aman,Bobby Deol,Madan Mohan,Rajshri Productions,Family,Hit,4.47,43,1075.0,0.72,Hindi,6.3,148,January,6,0,Ram,Dream Girl,Regular,
134,Dharm Aur Qanoon,1985,1980s,Lead,Solo,Late Peak,Arjun Hingorani,Zeenat Aman,Rajesh Khanna,Madan Mohan,Yash Raj Films,Drama,Average,4.19,27,675.0,0.45,Hindi,7.3,166,December,5,0,Ajay,Chupke Chupke Title,Regular,
135,Insaaf Ki Pukar,1981,1980s,Lead,Multi-starrer,Peak,Vijay Anand,Hema Malini,None,Khayyam,Dharma Productions,Family,Super Hit,3.71,150,3750.0,2.5,Hindi,5.9,156,August,5,0,Dharam,Koi Haseena Jab,Regular,
136,Sher Dil,1989,1980s,Lead,Solo,Late Peak,Ramesh Sippy,Rekha,Bobby Deol,Laxmikant-Pyarelal,Rajshri Productions,Romance,Hit,1.85,75,1875.0,1.25,Hindi,7.7,142,January,6,0,Rakesh,Jatt Yamla Pagla,Regular,
137,Jaan Hatheli Pe,1988,1980s,Character Artist,Multi-starrer,Late Peak,Vijay Anand,Jaya Bhaduri,Rajesh Khanna,Kalyanji-Anandji,Yash Raj Films,Comedy,Average,1.73,17,425.0,0.28,Hindi,6.6,132,May,4,0,Ram,None,Regular,
138,Daulat Ke Dushman,1984,1980s,Lead,Solo,Peak,Raj Sippy,Sharmila Tagore,Rajesh Khanna,Unknown,B.R. Films,Comedy,Super Hit,4.77,137,3425.0,2.28,Hindi,6.1,151,June,4,0,Kanwal,Pal Pal Dil Ke Paas,Regular,
139,Loha (late),1985,1980s,Lead,Multi-starrer,Late Peak,Manmohan Desai,Asha Parekh,Sunny Deol,R.D. Burman,Yash Raj Films,Family,Average,3.76,20,500.0,0.33,Hindi,5.8,165,June,8,0,Rakesh,Jatt Yamla Pagla,Regular,
140,Ganga Tere Desh Mein,1983,1980s,Lead,Solo,Peak,Prakash Mehra,Hema Malini,Sanjeev Kumar,Ravi,Deol Films,Thriller,Average,1.56,85,2125.0,1.42,Hindi,6.0,171,May,7,0,Veeru,Dream Girl,Regular,
141,Farishtay (early),1989,1980s,Lead,Solo,Late Peak,Vijay Anand,Zeenat Aman,Sunny Deol,S.D. Burman,B.R. Films,Action,Hit,4.65,99,2475.0,1.65,Hindi,6.7,166,March,6,0,None,None,Regular,
142,Kaala Samrajya,1986,1980s,Character Artist,Solo,Late Peak,Hrishikesh Mukherjee,Zeenat Aman,Rajesh Khanna,Madan Mohan,Rajshri Productions,Action,Hit,3.73,113,2825.0,1.88,Hindi,6.3,167,May,6,0,Veeru,Mehbooba Mehbooba,Regular,
143,Raaj Tilak,1988,1980s,Lead,Multi-starrer,Late Peak,Manmohan Desai,Unknown,Amitabh Bachchan,Khayyam,Sippy Films,Thriller,Hit,4.68,61,1525.0,1.02,Hindi,7.4,142,December,6,0,Raj,Main Jat Yamla Pagla Deewana,Regular,
144,Taaqatwar,1986,1980s,Lead,Solo,Late Peak,Manmohan Desai,Jaya Bhaduri,Bobby Deol,Ravi,Sippy Films,Thriller,Average,4.77,45,1125.0,0.75,Hindi,6.5,164,August,4,0,Ajay,Yeh Dosti,Regular,
145,Zakhmi Sher,1980,1980s,Lead,Multi-starrer,Peak,Vijay Anand,Jaya Bhaduri,Sunny Deol,S.D. Burman,Unknown,Thriller,Flop,4.42,78,1950.0,1.3,Hindi,6.1,136,February,7,0,Rakesh,Chupke Chupke Title,Regular,
146,Qayamat,1980,1980s,Lead,Multi-starrer,Peak,Manmohan Desai,Unknown,Sanjeev Kumar,S.D. Burman,Unknown,Drama,Super Hit,2.14,168,4200.0,2.8,Hindi,7.0,174,June,8,0,Inspector,Chupke Chupke Title,Regular,
147,Aag Aur Shola,1988,1980s,Character Artist,Solo,Late Peak,B.R. Chopra,Jaya Bhaduri,Jeetendra,Unknown,Yash Raj Films,Action,Flop,0.96,88,2200.0,1.47,Hindi,7.2,159,September,5,0,Shankar,Yeh Dosti,Regular,
148,Paapi Peet Ka,1988,1980s,Character Artist,Solo,Late Peak,Vijay Anand,Zeenat Aman,Shatrughan Sinha,Unknown,Sippy Films,Thriller,Flop,1.77,90,2250.0,1.5,Hindi,6.0,140,August,5,0,Baldev,Main Jat Yamla Pagla Deewana,Regular,
149,Ghar Ka Chirag,1983,1980s,Lead,Solo,Peak,Ramesh Sippy,Rakhee,Rajesh Khanna,Unknown,B.R. Films,Drama,Hit,1.12,141,3525.0,2.35,Hindi,6.0,121,November,6,0,Raj,Pal Pal Dil Ke Paas,Regular,
150,Aandhi Toofan,1988,1980s,Lead,Multi-starrer,Late Peak,Arjun Hingorani,Mumtaz,None,Salil Chowdhury,Prakash Mehra Productions,Action-Drama,Hit,2.23,104,2600.0,1.73,Hindi,5.7,156,August,7,0,Veeru,Main Jat Yamla Pagla Deewana,Regular,
151,Kasam Suhaag Ki,1982,1980s,Lead,Solo,Peak,Raj Sippy,Zeenat Aman,Jeetendra,Salil Chowdhury,B.R. Films,Drama,Hit,1.07,84,2100.0,1.4,Hindi,7.2,125,August,4,0,Ajay,None,Regular,
152,Saazish,1986,1980s,Lead,Multi-starrer,Late Peak,Anil Sharma,Hema Malini,Vinod Khanna,S.D. Burman,Prakash Mehra Productions,Action,Hit,3.07,55,1375.0,0.92,Hindi,7.1,163,July,7,0,Baldev,Main Jat Yamla Pagla Deewana,Regular,
153,Rajput (late),1985,1980s,Lead,Solo,Late Peak,Unknown,Rekha,Raj Babbar,Unknown,Rajshri Productions,Family,Average,2.14,77,1925.0,1.28,Hindi,6.6,137,August,7,0,Rakesh,None,Regular,
154,Do Pal,1987,1980s,Lead,Solo,Late Peak,Manmohan Desai,Unknown,Sanjeev Kumar,Madan Mohan,Dharma Productions,Action-Drama,Hit,4.52,98,2450.0,1.63,Hindi,7.5,149,June,4,0,Inspector,Main Jat Yamla Pagla Deewana,Regular,
155,Aakhri Adalat,1988,1980s,Lead,Solo,Late Peak,Ramesh Sippy,Sharmila Tagore,None,Ravi,Prakash Mehra Productions,Action,Hit,1.78,27,675.0,0.45,Hindi,7.4,141,February,6,0,Rakesh,Pal Pal Dil Ke Paas,Regular,
156,Jurmana,1984,1980s,Lead,Solo,Peak,Prakash Mehra,Asha Parekh,Raj Babbar,Ravi,Sippy Films,Drama,Flop,4.45,158,3950.0,2.63,Hindi,6.9,173,February,7,0,Vijay,Pal Pal Dil Ke Paas,Regular,
157,Qurbani Ka Daag,1980,1980s,Lead,Solo,Peak,Prakash Mehra,Sharmila Tagore,Sanjeev Kumar,Salil Chowdhury,B.R. Films,Romance,Flop,4.47,71,1775.0,1.18,Hindi,7.5,152,August,5,0,Ajay,Dream Girl,Regular,
158,Gaddar,1982,1980s,Lead,Multi-starrer,Peak,Unknown,Zeenat Aman,Amitabh Bachchan,S.D. Burman,Rajshri Productions,Comedy,Flop,4.74,34,850.0,0.57,Hindi,6.1,149,November,4,0,Ram,Yeh Dosti,Regular,
159,Hukumat,1989,1980s,Character Artist,Solo,Late Peak,Raj Sippy,Hema Malini,Shatrughan Sinha,Khayyam,Sippy Films,Action,Blockbuster,4.99,350,8750.0,5.83,Hindi,5.8,136,January,8,0,Veeru,Pal Pal Dil Ke Paas,Regular,
160,Elaan-E-Jung,1987,1980s,Character Artist,Solo,Late Peak,Manmohan Desai,Zeenat Aman,Jeetendra,Laxmikant-Pyarelal,Rajshri Productions,Thriller,Hit,4.02,47,1175.0,0.78,Hindi,6.2,162,June,6,0,Inspector,None,Regular,
161,Phool Aur Kaante,1995,1990s,Character Artist,Ensemble,Character Artist,B.R. Chopra,Rekha,Bobby Deol,Laxmikant-Pyarelal,Dharma Productions,Drama,Blockbuster,5.58,280,2240.0,8.0,Hindi,5.7,151,June,4,0,Shankar,Pal Pal Dil Ke Paas,Regular,
162,Kshatriya,1997,1990s,Lead,Ensemble,Character Artist,Unknown,Rakhee,Sanjeev Kumar,Salil Chowdhury,Deol Films,Thriller,Flop,8.93,25,200.0,0.71,Hindi,6.8,161,November,8,0,Rakesh,Dream Girl,Regular,
163,Tahalka,1998,1990s,Lead,Multi-starrer,Character Artist,Raj Sippy,Asha Parekh,Bobby Deol,Khayyam,B.R. Films,Thriller,Average,8.03,100,800.0,2.86,Hindi,7.7,170,April,8,0,Shankar,Chupke Chupke Title,Regular,
164,Farishtay,1993,1990s,Character Artist,Ensemble,Late Peak,Manmohan Desai,Rekha,Shatrughan Sinha,Salil Chowdhury,Yash Raj Films,Thriller,Average,5.08,47,376.0,1.34,Hindi,5.7,133,December,7,0,Rakesh,None,Regular,
165,Dil Hi To Hai,1990,1990s,Lead,Multi-starrer,Late Peak,Ramesh Sippy,Unknown,Rajesh Khanna,Laxmikant-Pyarelal,B.R. Films,Thriller,Average,3.53,15,120.0,0.43,Hindi,5.9,129,November,7,0,Veeru,Dream Girl,Regular,
166,Kasam,1990,1990s,Lead,Multi-starrer,Late Peak,Arjun Hingorani,Unknown,Vinod Khanna,Khayyam,Unknown,Thriller,Hit,4.51,106,848.0,3.03,Hindi,6.6,166,November,7,0,Baldev,Koi Haseena Jab,Regular,
167,Krodh,1999,1990s,Character Artist,Multi-starrer,Character Artist,B.R. Chopra,Zeenat Aman,Jeetendra,Unknown,Dharma Productions,Action-Drama,Flop,4.02,116,928.0,3.31,Hindi,7.7,170,October,4,0,Raja,Koi Haseena Jab,Regular,
168,Dil Kya Kare,1993,1990s,Character Artist,Multi-starrer,Late Peak,Anil Sharma,Hema Malini,Shatrughan Sinha,S.D. Burman,B.R. Films,Action,Average,1.86,67,536.0,1.91,Hindi,6.3,155,March,4,0,Baldev,Mehbooba Mehbooba,Regular,
169,Pyaar Koi Khel Nahin,1996,1990s,Character Artist,Multi-starrer,Character Artist,Prakash Mehra,Rekha,Shatrughan Sinha,Ravi,Unknown,Action,Flop,9.9,31,248.0,0.89,Hindi,6.7,153,November,6,0,Rakesh,Main Jat Yamla Pagla Deewana,Regular,
170,Izzat Ki Roti,1991,1990s,Lead,Ensemble,Late Peak,Hrishikesh Mukherjee,Neetu Singh,Amitabh Bachchan,Kalyanji-Anandji,Yash Raj Films,Comedy,Hit,4.77,15,120.0,0.43,Hindi,5.7,128,March,7,0,Prem,Yeh Dosti,Regular,
171,Aag,1992,1990s,Character Artist,Ensemble,Late Peak,Ramesh Sippy,Hema Malini,Raj Babbar,S.D. Burman,Prakash Mehra Productions,Drama,Average,3.36,76,608.0,2.17,Hindi,5.9,161,January,8,0,None,Holi Ke Din,Regular,
172,Yodha,1990,1990s,Character Artist,Multi-starrer,Late Peak,Prakash Mehra,Rakhee,Vinod Khanna,Unknown,Rajshri Productions,Romance,Flop,8.18,48,384.0,1.37,Hindi,7.8,147,March,5,0,Singh,Jatt Yamla Pagla,Regular,
173,Krantiveer,1994,1990s,Lead,Ensemble,Late Peak,Vijay Anand,Unknown,Jeetendra,Laxmikant-Pyarelal,Yash Raj Films,Action-Drama,Hit,5.05,40,320.0,1.14,Hindi,7.7,130,April,6,0,Raja,Dream Girl,Regular,
174,Raja Babu,1990,1990s,Lead,Multi-starrer,Late Peak,Hrishikesh Mukherjee,Zeenat Aman,Rajesh Khanna,Unknown,Sippy Films,Drama,Average,9.53,17,136.0,0.49,Hindi,5.6,133,November,4,0,Ram,Chupke Chupke Title,Regular,
175,Suraksha,1997,1990s,Lead,Multi-starrer,Character Artist,Prakash Mehra,Jaya Bhaduri,Rajesh Khanna,Salil Chowdhury,Dharma Productions,Action-Drama,Flop,6.71,68,544.0,1.94,Hindi,7.7,158,November,6,0,Raja,Jatt Yamla Pagla,Regular,
176,Policewala Gunda,1990,1990s,Character Artist,Multi-starrer,Late Peak,Raj Sippy,Unknown,Sunny Deol,Khayyam,Prakash Mehra Productions,Action,Hit,9.92,71,568.0,2.03,Hindi,7.0,174,May,6,0,None,Chupke Chupke Title,Regular,
177,Yaraana,1990,1990s,Lead,Ensemble,Late Peak,B.R. Chopra,Asha Parekh,Shatrughan Sinha,Ravi,Sippy Films,Thriller,Average,9.51,37,296.0,1.06,Hindi,7.5,166,March,6,0,Shankar,Jatt Yamla Pagla,Regular,
178,Ghatak,1991,1990s,Character Artist,Multi-starrer,Late Peak,Prakash Mehra,Mumtaz,Sanjeev Kumar,Madan Mohan,Sippy Films,Comedy,Average,6.67,80,640.0,2.29,Hindi,6.6,173,June,6,0,Ajay,Dream Girl,Regular,
179,Pyaar Kiya To Darna Kya,1991,1990s,Character Artist,Multi-starrer,Late Peak,Anil Sharma,Jaya Bhaduri,Amitabh Bachchan,Salil Chowdhury,Dharma Productions,Comedy,Flop,3.46,78,624.0,2.23,Hindi,6.7,138,November,5,0,Shankar,Holi Ke Din,Regular,
180,Pyaar Ishq Aur Mohabbat,1995,1990s,Lead,Multi-starrer,Character Artist,Arjun Hingorani,Zeenat Aman,Vinod Khanna,S.D. Burman,Prakash Mehra Productions,Family,Average,3.37,112,896.0,3.2,Hindi,6.7,173,December,7,0,Raj,Jatt Yamla Pagla,Regular,
181,Dillagi,1996,1990s,Lead,Multi-starrer,Character Artist,Raj Sippy,Neetu Singh,Rajesh Khanna,Salil Chowdhury,Deol Films,Romance,Average,8.13,65,520.0,1.86,Hindi,7.1,134,May,8,0,Shankar,Dream Girl,Regular,
182,Lal Badshah,1994,1990s,Character Artist,Ensemble,Late Peak,Ramesh Sippy,Jaya Bhaduri,Jeetendra,S.D. Burman,Sippy Films,Comedy,Hit,1.99,52,416.0,1.49,Hindi,5.9,147,March,6,0,Ram,Pal Pal Dil Ke Paas,Regular,
183,Itihaas,1990,1990s,Lead,Ensemble,Late Peak,Ramesh Sippy,Asha Parekh,Sunny Deol,Madan Mohan,Sippy Films,Thriller,Flop,9.01,44,352.0,1.26,Hindi,5.7,143,June,6,0,Prem,Holi Ke Din,Regular,
184,Ziddi,1990,1990s,Lead,Multi-starrer,Late Peak,Ramesh Sippy,Hema Malini,Jeetendra,R.D. Burman,Prakash Mehra Productions,Action,Flop,9.96,19,152.0,0.54,Hindi,6.3,127,June,6,0,Baldev,None,Regular,
185,Kareeb,1992,1990s,Character Artist,Ensemble,Late Peak,Ramesh Sippy,Neetu Singh,Amitabh Bachchan,Ravi,B.R. Films,Romance,Average,4.87,31,248.0,0.89,Hindi,7.2,162,August,7,0,Baldev,Chupke Chupke Title,Regular,
186,Pardesi Babu,1991,1990s,Lead,Multi-starrer,Late Peak,Arjun Hingorani,Unknown,Sanjeev Kumar,Kalyanji-Anandji,Sippy Films,Drama,Hit,7.42,102,816.0,2.91,Hindi,6.0,128,February,4,0,Singh,Koi Haseena Jab,Regular,
187,Salaakhen,1994,1990s,Lead,Multi-starrer,Late Peak,Prakash Mehra,Neetu Singh,Sunny Deol,Unknown,Rajshri Productions,Thriller,Average,8.43,80,640.0,2.29,Hindi,7.1,166,January,4,0,Kanwal,Main Jat Yamla Pagla Deewana,Regular,
188,Angaara,1999,1990s,Lead,Multi-starrer,Character Artist,Manmohan Desai,Rekha,Sunny Deol,R.D. Burman,Prakash Mehra Productions,Thriller,Average,3.4,89,712.0,2.54,Hindi,7.7,152,April,5,0,Rakesh,Koi Haseena Jab,Regular,
189,Kartoos,1995,1990s,Lead,Multi-starrer,Character Artist,Prakash Mehra,Asha Parekh,Raj Babbar,Salil Chowdhury,Sippy Films,Comedy,Hit,6.54,69,552.0,1.97,Hindi,5.8,152,July,4,0,Prem,Holi Ke Din,Regular,
190,Kaala Samrajya (1990s),1996,1990s,Lead,Ensemble,Character Artist,Vijay Anand,Jaya Bhaduri,Vinod Khanna,Unknown,Dharma Productions,Romance,Average,2.28,30,240.0,0.86,Hindi,7.1,138,November,6,0,Kanwal,None,Regular,
191,Lootere,1993,1990s,Lead,Multi-starrer,Late Peak,B.R. Chopra,Rekha,Sunny Deol,R.D. Burman,Yash Raj Films,Action,Hit,3.76,70,560.0,2.0,Hindi,6.6,122,October,6,0,None,Chupke Chupke Title,Regular,
192,Sainik,1996,1990s,Lead,Ensemble,Character Artist,Hrishikesh Mukherjee,Neetu Singh,Raj Babbar,Khayyam,Rajshri Productions,Family,Flop,9.05,41,328.0,1.17,Hindi,7.5,129,March,6,0,Raj,None,Regular,
193,Parampara,1997,1990s,Lead,Ensemble,Character Artist,Manmohan Desai,Rekha,Raj Babbar,Khayyam,Unknown,Action-Drama,Hit,8.83,65,520.0,1.86,Hindi,6.0,159,March,5,0,Veeru,Jatt Yamla Pagla,Regular,
194,Amaanat,1990,1990s,Lead,Multi-starrer,Late Peak,Manmohan Desai,Sharmila Tagore,Amitabh Bachchan,Unknown,Unknown,Action-Drama,Hit,7.07,106,848.0,3.03,Hindi,7.1,166,May,6,0,None,Chupke Chupke Title,Regular,
195,Kartavya,1995,1990s,Lead,Multi-starrer,Character Artist,Prakash Mehra,Asha Parekh,Bobby Deol,S.D. Burman,Yash Raj Films,Action,Hit,2.24,84,672.0,2.4,Hindi,7.4,161,May,4,0,Rakesh,Jatt Yamla Pagla,Regular,
196,Himmat,1997,1990s,Lead,Multi-starrer,Character Artist,Manmohan Desai,Rakhee,Jeetendra,S.D. Burman,Unknown,Action,Average,4.67,104,832.0,2.97,Hindi,7.7,120,October,7,0,Rakesh,Dream Girl,Regular,
197,Aag Ka Gola (1990s),1994,1990s,Character Artist,Multi-starrer,Late Peak,Unknown,Hema Malini,Sanjeev Kumar,Salil Chowdhury,Yash Raj Films,Action-Drama,Hit,7.65,104,832.0,2.97,Hindi,7.1,148,March,7,0,Vijay,Holi Ke Din,Regular,
198,Aayi Milan Ki Raat,1993,1990s,Lead,Multi-starrer,Late Peak,Unknown,Neetu Singh,None,R.D. Burman,Sippy Films,Family,Hit,2.19,61,488.0,1.74,Hindi,6.7,169,September,8,0,Vijay,Dream Girl,Regular,
199,Ek Tha Raja,1991,1990s,Lead,Multi-starrer,Late Peak,Vijay Anand,Asha Parekh,Jeetendra,R.D. Burman,Rajshri Productions,Romance,Hit,7.31,108,864.0,3.09,Hindi,7.0,153,April,4,0,Dharam,Mehbooba Mehbooba,Regular,
200,Ek Thi Rani,1995,1990s,Lead,Multi-starrer,Character Artist,Hrishikesh Mukherjee,Rakhee,Sunny Deol,Unknown,Rajshri Productions,Action-Drama,Average,8.74,95,760.0,2.71,Hindi,7.5,170,March,6,0,None,None,Regular,
201,Kaala Dil,1995,1990s,Lead,Multi-starrer,Character Artist,Anil Sharma,Rakhee,Sanjeev Kumar,Laxmikant-Pyarelal,B.R. Films,Action,Flop,5.58,113,904.0,3.23,Hindi,6.9,132,November,7,0,Dharam,Jatt Yamla Pagla,Regular,
202,Mahaanta,1990,1990s,Lead,Multi-starrer,Late Peak,Arjun Hingorani,Zeenat Aman,Rajesh Khanna,Khayyam,Yash Raj Films,Comedy,Hit,8.51,70,560.0,2.0,Hindi,5.7,173,February,4,0,Shankar,Pal Pal Dil Ke Paas,Regular,
203,Trinetra,1998,1990s,Lead,Multi-starrer,Character Artist,Prakash Mehra,Rekha,Bobby Deol,R.D. Burman,Rajshri Productions,Drama,Average,7.26,101,808.0,2.89,Hindi,7.6,120,October,7,0,Veeru,Dream Girl,Regular,
204,Do Fantoosh,1995,1990s,Lead,Ensemble,Character Artist,Arjun Hingorani,Rakhee,Rajesh Khanna,Unknown,B.R. Films,Family,Average,3.77,40,320.0,1.14,Hindi,7.1,153,November,6,0,Raja,Mehbooba Mehbooba,Regular,
205,Jurm,1992,1990s,Lead,Ensemble,Late Peak,Anil Sharma,Sharmila Tagore,Rajesh Khanna,Madan Mohan,Prakash Mehra Productions,Thriller,Hit,8.28,21,168.0,0.6,Hindi,7.1,148,September,7,0,Singh,Yeh Dosti,Regular,
206,Phool Aur Kaante,1993,1990s,Lead,Ensemble,Late Peak,Prakash Mehra,Asha Parekh,Vinod Khanna,Kalyanji-Anandji,B.R. Films,Family,Blockbuster,8.73,280,2240.0,8.0,Hindi,6.1,167,April,8,0,Raja,Koi Haseena Jab,Regular,
207,Kshatriya,1993,1990s,Character Artist,Ensemble,Late Peak,Prakash Mehra,Mumtaz,Jeetendra,Madan Mohan,Dharma Productions,Comedy,Average,7.52,32,256.0,0.91,Hindi,7.0,166,March,8,0,Singh,Chupke Chupke Title,Regular,
208,Life in a Metro,2002,2000s,Lead,Ensemble,Character Artist,Hrishikesh Mukherjee,Mumtaz,None,Ravi,Deol Films,Comedy,Average,7.43,24,192.0,0.69,Hindi,6.5,132,July,7,0,Vijay,Mehbooba Mehbooba,Regular,
209,Apne,2009,2000s,Character Artist,Multi-starrer,Comeback,Arjun Hingorani,Neetu Singh,Amitabh Bachchan,Salil Chowdhury,Sippy Films,Thriller,Super Hit,26.65,100,280.0,12.5,Hindi,7.0,167,August,4,0,Vijay,Holi Ke Din,Regular,Film with sons Sunny & Bobby
210,Heroes,2002,2000s,Character Artist,Ensemble,Character Artist,Unknown,Unknown,None,R.D. Burman,Prakash Mehra Productions,Action,Hit,2.85,48,384.0,1.37,Hindi,5.8,168,November,4,0,Vijay,Dream Girl,Regular,
211,Teesri Aankh,2002,2000s,Lead,Multi-starrer,Character Artist,Ramesh Sippy,Rekha,Rajesh Khanna,Ravi,Deol Films,Action-Drama,Hit,8.91,135,1080.0,3.86,Hindi,7.0,172,February,4,0,Prem,Holi Ke Din,Regular,
212,Johnny Gaddaar,2003,2000s,Lead,Multi-starrer,Character Artist,Arjun Hingorani,Unknown,Sunny Deol,Ravi,Deol Films,Romance,Flop,8.52,34,272.0,0.97,Hindi,7.8,148,July,7,0,Ajay,Koi Haseena Jab,Regular,
213,Jhooth Bole Kauwa Kaate,2006,2000s,Character Artist,Multi-starrer,Character Artist,B.R. Chopra,Rakhee,Bobby Deol,Unknown,Prakash Mehra Productions,Family,Flop,16.73,118,330.0,14.75,Hindi,5.7,158,December,4,0,Singh,Pal Pal Dil Ke Paas,Regular,
214,Kaun Hai Jo Sapno Mein Aaya,2003,2000s,Lead,Ensemble,Character Artist,B.R. Chopra,Asha Parekh,Shatrughan Sinha,R.D. Burman,Dharma Productions,Thriller,Average,2.87,43,344.0,1.23,Hindi,7.7,143,May,6,0,None,None,Regular,
215,Zindagi Khoobsurat Hai,2008,2000s,Character Artist,Ensemble,Comeback,Prakash Mehra,Neetu Singh,None,Kalyanji-Anandji,B.R. Films,Family,Average,34.12,92,258.0,11.5,Hindi,6.5,145,November,8,0,Dharam,None,Regular,
216,Chal Mere Bhai,2000,2000s,Lead,Multi-starrer,Character Artist,Ramesh Sippy,Jaya Bhaduri,Rajesh Khanna,Unknown,Sippy Films,Comedy,Average,1.55,189,1512.0,5.4,Hindi,7.5,136,May,6,0,Prem,Holi Ke Din,Regular,
217,Dillagi (2000s),2007,2000s,Character Artist,Multi-starrer,Comeback,Raj Sippy,Rakhee,Bobby Deol,Unknown,B.R. Films,Action-Drama,Average,26.59,193,540.0,24.12,Hindi,7.3,126,March,4,0,Baldev,Jatt Yamla Pagla,Regular,
218,Humko Deewana Kar Gaye,2006,2000s,Character Artist,Ensemble,Character Artist,Anil Sharma,Rekha,Sanjeev Kumar,Salil Chowdhury,Rajshri Productions,Family,Average,27.11,130,364.0,16.25,Hindi,6.8,132,May,6,0,Raja,Pal Pal Dil Ke Paas,Regular,
219,Sholay 3D Tribute,2001,2000s,Lead,Multi-starrer,Character Artist,Vijay Anand,Mumtaz,Jeetendra,Salil Chowdhury,B.R. Films,Romance,Hit,6.89,79,632.0,2.26,Hindi,7.2,124,December,4,0,Raj,None,Regular,
220,Aap Ki Khatir,2007,2000s,Character Artist,Ensemble,Comeback,Ramesh Sippy,Zeenat Aman,Raj Babbar,Khayyam,Unknown,Comedy,Hit,32.29,84,235.0,10.5,Hindi,7.5,145,February,7,0,Ram,Pal Pal Dil Ke Paas,Regular,
221,Ek Aur Ek Gyarah,2000,2000s,Lead,Multi-starrer,Character Artist,Vijay Anand,Asha Parekh,Vinod Khanna,Khayyam,Prakash Mehra Productions,Romance,Flop,7.97,161,1288.0,4.6,Hindi,6.5,168,April,6,0,Rakesh,Mehbooba Mehbooba,Regular,
222,23rd March 1931: Shaheed,2008,2000s,Supporting,Ensemble,Comeback,Arjun Hingorani,Hema Malini,Bobby Deol,S.D. Burman,Sippy Films,Action-Drama,Hit,38.7,40,112.0,5.0,Hindi,6.3,122,June,7,0,Dharam,Pal Pal Dil Ke Paas,Regular,
223,Kis Kis Ko Pyaar Karoon,2008,2000s,Character Artist,Multi-starrer,Comeback,Arjun Hingorani,Unknown,Sunny Deol,Laxmikant-Pyarelal,B.R. Films,Family,Flop,27.14,15,42.0,1.88,Hindi,7.1,126,January,7,0,Kanwal,Main Jat Yamla Pagla Deewana,Regular,
224,Money Hai Toh Honey Hai,2001,2000s,Lead,Ensemble,Character Artist,Vijay Anand,Neetu Singh,Sunny Deol,R.D. Burman,Sippy Films,Drama,Flop,2.37,13,104.0,0.37,Hindi,7.4,168,October,5,0,Inspector,Koi Haseena Jab,Regular,
225,Kisna,2006,2000s,Character Artist,Ensemble,Character Artist,Anil Sharma,Unknown,Bobby Deol,R.D. Burman,Sippy Films,Family,Flop,29.08,103,288.0,12.88,Hindi,7.3,158,April,4,0,Baldev,None,Regular,
226,Ek Tha Raja Ek Thi Rani (2000s),2009,2000s,Character Artist,Multi-starrer,Comeback,Ramesh Sippy,Asha Parekh,Sunny Deol,Ravi,Rajshri Productions,Action-Drama,Average,15.53,194,543.0,24.25,Hindi,7.4,172,June,8,0,None,Pal Pal Dil Ke Paas,Regular,
227,Yamla Pagla Deewana,2002,2000s,Character Artist,Multi-starrer,Character Artist,Raj Sippy,Unknown,Jeetendra,R.D. Burman,Rajshri Productions,Family,Average,2.07,35,280.0,1.0,Hindi/Punjabi,6.6,120,September,4,0,Raj,Holi Ke Din,Regular,
228,Yamla Pagla Deewana 2,2016,2010s,Character Artist,Ensemble,Comeback,Prakash Mehra,Asha Parekh,Sunny Deol,R.D. Burman,Prakash Mehra Productions,Thriller,Flop,17.11,79,221.0,9.88,Hindi/Punjabi,7.4,168,November,8,0,Dharam,Yeh Dosti,Regular,
229,Yamla Pagla Deewana: Phir Se,2019,2010s,Supporting,Multi-starrer,Comeback,Hrishikesh Mukherjee,Unknown,None,Laxmikant-Pyarelal,Dharma Productions,Family,Average,6.6,29,81.0,3.62,Hindi/Punjabi,5.9,136,November,4,0,Ram,Main Jat Yamla Pagla Deewana,Regular,
230,Second Hand Husband,2018,2010s,Character Artist,Multi-starrer,Comeback,Arjun Hingorani,Sharmila Tagore,Raj Babbar,Khayyam,Unknown,Action,Hit,39.07,99,277.0,12.38,Hindi,6.8,162,February,7,0,Prem,Main Jat Yamla Pagla Deewana,Regular,
231,Poster Boys,2013,2010s,Supporting,Ensemble,Comeback,B.R. Chopra,Jaya Bhaduri,Sunny Deol,Khayyam,Deol Films,Family,Hit,31.24,135,378.0,16.88,Hindi,5.6,144,November,6,0,None,Jatt Yamla Pagla,Regular,
232,Shimla Mirchi,2010,2010s,Character Artist,Ensemble,Comeback,Anil Sharma,Rakhee,Raj Babbar,Kalyanji-Anandji,Sippy Films,Family,Average,31.54,12,34.0,1.5,Hindi,6.3,122,July,6,0,Veeru,Pal Pal Dil Ke Paas,Regular,
233,I Love NY,2011,2010s,Character Artist,Ensemble,Comeback,Hrishikesh Mukherjee,Rakhee,Rajesh Khanna,R.D. Burman,Dharma Productions,Romance,Average,5.77,19,53.0,2.38,Hindi,6.4,134,June,5,0,Rakesh,Jatt Yamla Pagla,Regular,
234,Double Dhamaal,2010,2010s,Character Artist,Multi-starrer,Comeback,Raj Sippy,Rekha,Amitabh Bachchan,Laxmikant-Pyarelal,Deol Films,Drama,Average,22.1,139,389.0,17.38,Hindi,6.5,148,February,8,0,Dharam,Jatt Yamla Pagla,Regular,
235,Ekkees Toppon Ki Salaami,2014,2010s,Character Artist,Ensemble,Comeback,Manmohan Desai,Hema Malini,Jeetendra,Khayyam,Deol Films,Romance,Flop,28.92,74,207.0,9.25,Hindi,7.1,172,August,8,0,Ajay,Yeh Dosti,Regular,
236,Do Knot Disturb,2014,2010s,Character Artist,Multi-starrer,Comeback,Prakash Mehra,Hema Malini,Amitabh Bachchan,Laxmikant-Pyarelal,Unknown,Romance,Hit,14.58,18,50.0,2.25,Hindi,6.5,162,July,8,0,Vijay,Mehbooba Mehbooba,Regular,
237,Blue,2016,2010s,Character Artist,Ensemble,Comeback,Arjun Hingorani,Rekha,Rajesh Khanna,Madan Mohan,Prakash Mehra Productions,Comedy,Average,19.92,172,482.0,21.5,Hindi,6.6,151,November,7,0,Vijay,Pal Pal Dil Ke Paas,Regular,
238,London Dreams,2018,2010s,Character Artist,Multi-starrer,Comeback,Prakash Mehra,Zeenat Aman,Jeetendra,R.D. Burman,Deol Films,Action,Flop,10.73,71,199.0,8.88,Hindi,6.1,145,May,8,0,Rakesh,Dream Girl,Regular,
239,Desi Boyz,2018,2010s,Supporting,Ensemble,Comeback,Hrishikesh Mukherjee,Rakhee,Bobby Deol,Kalyanji-Anandji,Unknown,Romance,Average,29.28,126,353.0,15.75,Hindi,6.4,135,December,6,0,Ram,None,Regular,
240,Paltan,2012,2010s,Supporting,Ensemble,Comeback,Prakash Mehra,Zeenat Aman,Bobby Deol,Ravi,Deol Films,Thriller,Flop,7.88,85,238.0,10.62,Hindi,6.1,144,May,7,0,Singh,Jatt Yamla Pagla,Regular,
241,Welcome to New York,2012,2010s,Character Artist,Ensemble,Comeback,Manmohan Desai,Asha Parekh,Raj Babbar,Khayyam,Sippy Films,Action-Drama,Flop,27.91,73,204.0,9.12,Hindi,5.8,173,July,4,0,Raj,Koi Haseena Jab,Regular,
242,Hero (cameo),2012,2010s,Character Artist,Ensemble,Comeback,Hrishikesh Mukherjee,Asha Parekh,Rajesh Khanna,Madan Mohan,Sippy Films,Thriller,Flop,38.28,81,227.0,10.12,Hindi,6.9,147,September,8,0,Prem,Chupke Chupke Title,Regular,
243,Singh Saab The Great,2013,2010s,Supporting,Multi-starrer,Comeback,Arjun Hingorani,Mumtaz,Raj Babbar,Laxmikant-Pyarelal,Yash Raj Films,Action-Drama,Flop,20.13,69,193.0,8.62,Hindi,7.1,128,November,8,0,Vijay,Koi Haseena Jab,Regular,
244,Bhaiaji Superhitt,2017,2010s,Character Artist,Ensemble,Comeback,Ramesh Sippy,Unknown,Vinod Khanna,Salil Chowdhury,Dharma Productions,Family,Hit,19.69,14,39.0,1.75,Hindi,7.0,120,September,4,0,Dharam,Yeh Dosti,Regular,
245,Tere Naal Love Ho Gaya,2015,2010s,Character Artist,Ensemble,Comeback,B.R. Chopra,Hema Malini,Sunny Deol,Unknown,B.R. Films,Comedy,Average,18.92,71,199.0,8.88,Hindi,6.6,148,September,8,0,Kanwal,Yeh Dosti,Regular,
246,Jatt Airways,2017,2010s,Character Artist,Ensemble,Comeback,Hrishikesh Mukherjee,Mumtaz,Shatrughan Sinha,R.D. Burman,Unknown,Action,Flop,39.44,98,274.0,12.25,Hindi/Punjabi,6.4,141,June,4,0,Raja,Holi Ke Din,Regular,
247,Apne 2,2010,2010s,Character Artist,Ensemble,Comeback,Unknown,Jaya Bhaduri,Vinod Khanna,R.D. Burman,Rajshri Productions,Thriller,Average,36.29,113,316.0,14.12,Hindi,7.5,135,October,7,0,Singh,Mehbooba Mehbooba,Regular,Film with sons Sunny & Bobby
248,Rocky Aur Rani Kii Prem Kahaani,2017,2010s,Character Artist,Ensemble,Comeback,Manmohan Desai,Rekha,Sunny Deol,Madan Mohan,Unknown,Action,Super Hit,12.46,100,280.0,12.5,Hindi,6.7,160,June,6,0,Raja,None,Final Film,Final major appearance at age 87
249,Tribute Documentary,2013,2010s,Character Artist,Ensemble,Comeback,Hrishikesh Mukherjee,Rekha,Jeetendra,Laxmikant-Pyarelal,B.R. Films,Thriller,Average,27.81,32,90.0,4.0,Hindi,6.7,170,March,4,0,Baldev,Jatt Yamla Pagla,Regular,
250,Classic Retrospective,2010,2010s,Character Artist,Ensemble,Comeback,Hrishikesh Mukherjee,Asha Parekh,Raj Babbar,S.D. Burman,Dharma Productions,Family,Average,35.25,154,431.0,19.25,Hindi,5.7,163,January,5,0,Raj,Koi Haseena Jab,Regular,
251,Lifetime Achievement Special,2017,2010s,Supporting,Ensemble,Comeback,Unknown,Rakhee,Jeetendra,R.D. Burman,Rajshri Productions,Action-Drama,Average,38.89,62,174.0,7.75,Hindi,6.4,170,July,4,0,Shankar,Chupke Chupke Title,Regular,
252,Final Interview,2013,2010s,Supporting,Multi-starrer,Comeback,Arjun Hingorani,Zeenat Aman,Jeetendra,S.D. Burman,B.R. Films,Drama,Average,35.4,188,526.0,23.5,Hindi,6.4,173,April,8,0,Singh,Yeh Dosti,Regular,
253,Legacy of He-Man,2015,2010s,Character Artist,Multi-starrer,Comeback,Hrishikesh Mukherjee,Hema Malini,Sunny Deol,Salil Chowdhury,Yash Raj Films,Comedy,Average,31.98,188,526.0,23.5,Hindi,6.5,160,January,7,0,Veeru,Yeh Dosti,Regular,
254,Yamla Pagla Deewana 2,2017,2010s,Character Artist,Ensemble,Comeback,B.R. Chopra,Mumtaz,Rajesh Khanna,Madan Mohan,Rajshri Productions,Thriller,Hit,31.64,24,67.0,3.0,Hindi/Punjabi,6.9,126,August,7,0,Rakesh,Mehbooba Mehbooba,Regular,
255,Yamla Pagla Deewana 2,2023,2020s,Supporting,Ensemble,Comeback,Prakash Mehra,Zeenat Aman,Sunny Deol,Laxmikant-Pyarelal,Sippy Films,Thriller,Average,9.59,164,459.0,20.5,Hindi/Punjabi,6.8,133,December,4,0,Baldev,Chupke Chupke Title,Regular,
256,Yamla Pagla Deewana: Phir Se,2022,2020s,Supporting,Ensemble,Comeback,Arjun Hingorani,Mumtaz,Sanjeev Kumar,Laxmikant-Pyarelal,B.R. Films,Family,Hit,37.23,106,297.0,13.25,Hindi/Punjabi,6.9,148,June,6,0,Shankar,Chupke Chupke Title,Regular,
257,Second Hand Husband,2020,2020s,Supporting,Ensemble,Comeback,B.R. Chopra,Unknown,Bobby Deol,Unknown,Unknown,Comedy,Flop,32.88,42,118.0,5.25,Hindi,7.3,138,June,5,0,Prem,Mehbooba Mehbooba,Regular,
258,Poster Boys,2022,2020s,Character Artist,Ensemble,Comeback,Arjun Hingorani,Jaya Bhaduri,Bobby Deol,Khayyam,Rajshri Productions,Action-Drama,Average,9.11,19,53.0,2.38,Hindi,7.4,138,February,7,0,Singh,Yeh Dosti,Regular,
259,Shimla Mirchi,2020,2020s,Character Artist,Ensemble,Comeback,B.R. Chopra,Jaya Bhaduri,Vinod Khanna,Khayyam,Yash Raj Films,Action-Drama,Flop,28.99,127,356.0,15.88,Hindi,7.2,121,January,8,0,Ajay,None,Regular,
260,I Love NY,2024,2020s,Supporting,Ensemble,Comeback,Manmohan Desai,Zeenat Aman,Bobby Deol,Ravi,Unknown,Thriller,Hit,12.02,118,330.0,14.75,Hindi,7.7,160,February,8,0,Ajay,Pal Pal Dil Ke Paas,Regular,
